facilitator,address,chains,source_file
402104,0x73b2b8df52fbe7c40fe78db52e3dffdd5db5ad07,base,402104.ts
AnySpend,0x179761d9eed0f0d1599330cc94b0926e68ae87f1,"base,solana",anyspend.ts
AurraCloud,0x222c4367a2950f3b53af260e111fc3060b0983ff,"base,solana",aurracloud.ts
AurraCloud,0xb70c4fe126de09bd292fe3d1e40c6d264ca6a52a,"base,solana",aurracloud.ts
AurraCloud,0xd348e724e0ef36291a28dfeccf692399b0e179f8,"base,solana",aurracloud.ts
Bitrefill,0x15e2e2da7539ef1f652aa3c1d6142a535aa3d7ea,"base,solana",bitrefill.ts
Cascade,0x2bb201f1bb056eb738718bd7a3ad1bef24b883bb,"base,solana",cascade.ts
CodeNut,0x87af99356d774312b73018b3b6562e1ae0e018c9,"base,solana",codenut.ts
CodeNut,0x8d8fa42584a727488eeb0e29405ad794a105bb9b,"base,solana",codenut.ts
CodeNut,0x65058cf664d0d07f68b663b0d4b4f12a5e331a38,"base,solana",codenut.ts
CodeNut,0x88e13d4c764a6c840ce722a0a3765f55a85b327e,"base,solana",codenut.ts
Coinbase,0xdc8fbad54bf5151405de488f45acd555517e0958,"base,solana",coinbase.ts
Coinbase,0x6831508455a716f987782a1ab41e204856055cc2,"base,solana",coinbase.ts
Coinbase,0x9c09faa49c4235a09677159ff14f17498ac48738,"base,solana",coinbase.ts
Coinbase,0x8f5cb67b49555e614892b7233cfddebfb746e531,"base,solana",coinbase.ts
Coinbase,0xadd5585c776b9b0ea77e9309c1299a40442d820f,"base,solana",coinbase.ts
Coinbase,0xdbdf3d8ed80f84c35d01c6c9f9271761bad90ba6,"base,solana",coinbase.ts
Coinbase,0xa32ccda98ba7529705a059bd2d213da8de10d101,"base,solana",coinbase.ts
Coinbase,0x001ddabba5782ee48842318bd9ff4008647c8d9c,"base,solana",coinbase.ts
Coinbase,0x9aae2b0d1b9dc55ac9bab9556f9a26cb64995fb9,"base,solana",coinbase.ts
Coinbase,0x88800e08e20b45c9b1f0480cf759b5bf2f05180c,"base,solana",coinbase.ts
Coinbase,0x97acce27d5069544480bde0f04d9f47d7422a016,"base,solana",coinbase.ts
Coinbase,0x68a96f41ff1e9f2e7b591a931a4ad224e7c07863,"base,solana",coinbase.ts
Coinbase,0xd7469bf02d221968ab9f0c8b9351f55f8668ac4f,"base,solana",coinbase.ts
Coinbase,0x4ffeffa616a1460570d1eb0390e264d45a199e91,"base,solana",coinbase.ts
Coinbase,0x67b9ce703d9ce658d7c4ac3c289cea112fe662af,"base,solana",coinbase.ts
Coinbase,0x3a70788150c7645a21b95b7062ab1784d3cc2104,"base,solana",coinbase.ts
Coinbase,0x94701e1df9ae06642bf6027589b8e05dc7004813,"base,solana",coinbase.ts
Coinbase,0x47d8b3c9717e976f31025089384f23900750a5f4,"base,solana",coinbase.ts
Coinbase,0x708e57b6650a9a741ab39cae1969ea1d2d10eca1,"base,solana",coinbase.ts
Coinbase,0x7f6d822467df2a85f792d4508c5722ade96be056,"base,solana",coinbase.ts
Coinbase,0x91d313853ad458addda56b35a7686e2f38ff3952,"base,solana",coinbase.ts
Coinbase,0x552300992857834c0ad41c8e1a6934a5e4a2e4ca,"base,solana",coinbase.ts
Coinbase,0xce82eeec8e98e443ec34fda3c3e999cbe4cb6ac2,"base,solana",coinbase.ts
Coinbase,0x9fb2714af0a84816f5c6322884f2907e33946b88,"base,solana",coinbase.ts
Coinbase,0xcbb10c30a9a72fae9232f41cbbd566a097b4e03a,"base,solana",coinbase.ts
Corbits,0x06f0bfd2c8f36674df5cde852c1eed8025c268c9,"base,polygon,solana",corbits.ts
Daydreams,0x1363c7ff51ccce10258a7f7bddd63baab6aaf678,"base,solana",daydreams.ts
Daydreams,0x279e08f711182c79ba6d09669127a426228a4653,"base,solana",daydreams.ts
Dexter,0x40272e2eac848ea70db07fd657d799bd309329c4,"base,solana",dexter.ts
Dexter,0x402feee072d655b85e08f1751af9ddbcd249521f,"base,solana",dexter.ts
FluxA,0xaa0df01e4d11decf2ad2c459c81d3a495e4f1925,base,fluxa.ts
FluxA,0x7f72a02c682e908d46a5677fe937cdb612d94a3b,base,fluxa.ts
FluxA,0xc67b555b4a9d340ed7c5d87743163c31a75f2254,base,fluxa.ts
FluxA,0xb5d25e1fa0718bf3e1bf698f96791d4e93632ec8,base,fluxa.ts
FluxA,0x24d4f332d8e886fc005bb4a103bad21d9ebc2b7f,base,fluxa.ts
FluxA,0xd2f74a14522d40e4a1d7fbb62aa97ce99fa1a7e5,base,fluxa.ts
Heurist,0x1fc230ee3c13d0d520d49360a967dbd1555c8326,base,heurist.ts
Heurist,0x48ab4b0af4ddc2f666a3fcc43666c793889787a3,base,heurist.ts
Heurist,0x90d5e567017f6c696f1916f4365dd79985fce50f,base,heurist.ts
Heurist,0x290d8b8edcafb25042725cb9e78bcac36b8865f8,base,heurist.ts
Heurist,0xb578b7db22581507d62bdbeb85e06acd1be09e11,base,heurist.ts
Heurist,0x3f61093f61817b29d9556d3b092e67746af8cdfd,base,heurist.ts
Heurist,0xd97c12726dcf994797c981d31cfb243d231189fb,base,heurist.ts
Heurist,0x612d72dc8402bba997c61aa82ce718ea23b2df5d,base,heurist.ts
Heurist,0x021cc47adeca6673def958e324ca38023b80a5be,base,heurist.ts
Meridian,0x8e7769d440b3460b92159dd9c6d17302b036e2d6,base,meridian.ts
Meridian,0x3210d7b21bfe1083c9dddbe17e8f947c9029a584,base,meridian.ts
Mogami,0xfe0920a0a7f0f8a1ec689146c30c3bbef439bf8a,base,mogami.ts
OpenFacilitator,0x7c766f5fd9ab3dc09acad5ecfacc99c4781efe29,"base,solana",openfacilitator.ts
Openmid,0x16e47d275198ed65916a560bab4af6330c36ae09,base,openmid.ts
OpenX402,0x97316fa4730bc7d3b295234f8e4d04a0a4c093e8,"base,solana",openx402.ts
OpenX402,0x97db9b5291a218fc77198c285cefdc943ef74917,"base,solana",openx402.ts
PayAI,0xb2bd29925cbbcea7628279c91945ca5b98bf371b,"base,solana",payai.ts
PayAI,0x2fae4026a31f19183947f0a6045ef975ebfa9ca8,"base,solana",payai.ts
PayAI,0xe299c486066739c4a31609e1268d93229632dd47,"base,solana",payai.ts
PayAI,0xe575fa51af90957d66fab6d63355f1ed021b887b,"base,solana",payai.ts
PayAI,0x489c40fc3c2a19ad8cb275b7dd6aa194e9219c4f,"base,solana",payai.ts
PayAI,0xc6699d2aada6c36dfea5c248dd70f9cb0235cb63,"base,solana",payai.ts
PayAI,0x03a3f7ce8e21e6f8d9fa14c67d8876b2470dc2f1,"base,solana",payai.ts
PayAI,0xf46833d4ac4f0f1405cc05c30edfd86770f721c9,"base,solana",payai.ts
PayAI,0xb8f41cb13b1f213da1e94e1b742ec1323235c48f,"base,solana",payai.ts
PayAI,0x675707bc7d03089f820c1b7d49f7480083e8f4df,"base,solana",payai.ts
PayAI,0x9df61a719ddae27c20a63a417271cc2c704654bd,"base,solana",payai.ts
PayAI,0x6ccf245c883f9f3c6caee0687aa61daf7bc96e32,"base,solana",payai.ts
PayAI,0x2daaef6f941de214bf7d6daf322bc6bc7406accb,"base,solana",payai.ts
PayAI,0x25659315106580ce2a787ceec5efb2d347b539c9,"base,solana",payai.ts
PayAI,0xaf990eef9846b63d896056050fdc0b28bca9c24b,"base,solana",payai.ts
Polymer,0x66c40946b0dffd04be467e18309857307ecd37cb,base,polymer.ts
Primer,0x37dfb4033d5dd98fd335f24d0d42e8fe68d587d6,base,primer.ts
Questflow,0xd7d91a42dfadd906c5b9ccde7226d28251e4cd0f,base,questflow.ts
Questflow,0xce7819f0b0b871733c933d1f486533bab95ec47b,base,questflow.ts
Questflow,0x4544b535938b67d2a410a98a7e3b0f8f68921ca7,base,questflow.ts
Questflow,0xe6123e6b389751c5f7e9349f3d626b105c1fe618,base,questflow.ts
Questflow,0x90da501fdbec74bb0549100967eb221fed79c99b,base,questflow.ts
Questflow,0x59e8014a3b884392fbb679fe461da07b18c1ff81,base,questflow.ts
Questflow,0xa9a54ef09fc8b86bc747cec6ef8d6e81c38c6180,base,questflow.ts
Questflow,0x4638bc811c93bf5e60deed32325e93505f681576,base,questflow.ts
Questflow,0xf70e7cb30b132fab2a0a5e80d41861aa133ea21b,base,questflow.ts
Questflow,0x724efafb051f17ae824afcdf3c0368ae312da264,base,questflow.ts
RelAI,0x1892f72fdb3a966b2ad8595aa5f7741ef72d6085,"base,solana",relai.ts
Thirdweb,0xd88a9a58806b895ff06744082c6a20b9d7184b0f,"base,polygon",thirdweb.ts
Thirdweb,0x052aaae3cad5c095850246f8ffb228354c56752a,"base,polygon",thirdweb.ts
Thirdweb,0xea52f2c6f6287f554f9b54c5417e1e431fe5710e,"base,polygon",thirdweb.ts
Thirdweb,0x80c08de1a05df2bd633cf520754e40fde3c794d3,"base,polygon",thirdweb.ts
Thirdweb,0xaaca1ba9d2627cbc0739ba69890c30f95de046e4,"base,polygon",thirdweb.ts
Thirdweb,0x3a5ca1c6aa6576ae9c1c0e7fa2b4883346bc5aa0,"base,polygon",thirdweb.ts
Thirdweb,0x91ddea05f741b34b63a7548338c90fc152c8631f,"base,polygon",thirdweb.ts
Thirdweb,0x7e20b62bf36554b704774afb0fcc0ae8f899213b,"base,polygon",thirdweb.ts
Thirdweb,0xa1822b21202a24669eaf9277723d180cd6dae874,"base,polygon",thirdweb.ts
Thirdweb,0xec10243b54df1a71254f58873b389b7ecece89c2,"base,polygon",thirdweb.ts
Treasure,0xe07e9cbf9a55d02e3ac356ed4706353d98c5a618,base,treasure.ts
Ultravioleta DAO,0x103040545ac5031a11e8c03dd11324c7333a13c7,"base,solana",ultravioletadao.ts
Virtuals Protocol,0x80735b3f7808e2e229ace880dbe85e80115631ca,base,virtuals.ts
x402 Jobs,0x51fec16843e49b99aaf9814e525aee1756e66a62,"base,solana",x402jobs.ts
X402rs,0xd8dfc729cbd05381647eb5540d756f4f8ad63eec,"base,polygon",x402rs.ts
X402rs,0xc19829b32324f116ee7f80d193f99e445968499a,"base,polygon",x402rs.ts
X402rs,0x5e437bee4321db862ac57085ea5eb97199c0ccc5,"base,polygon",x402rs.ts
X402rs,0x97d38aa5de015245dcca76305b53abe6da25f6a5,"base,polygon",x402rs.ts
X402rs,0x0168f80e035ea68b191faf9bfc12778c87d92008,"base,polygon",x402rs.ts
X402rs,0x76eee8f0acabd6b49f1cc4e9656a0c8892f3332e,"base,polygon",x402rs.ts
xEcho,0x3be45f576696a2fd5a93c1330cd19f1607ab311d,base,xecho.ts
